OrderID,OrderDate,CustomerID,ProductID,Quantity,UnitPrice,SalesPerson,PaymentMethod
O00001,16/08/2026,C100,P018,5,99.75,Francis Amoah,Card
O00002,11/08/2026,C119,P008,1,8200,David Kwarteng,Mobile Money
O00003,21/07/2026,C023,P011,6,110,Cynthia Aidoo,Card
O00004,09/04/2026,C101,P004,5,1450,Benjamin Osei,Card
O00005,01/04/2026,C105,P015,1,420,Benjamin Osei,Mobile Money
O00006,14/04/2026,C085,P007,1,4940,Cynthia Aidoo,Bank Transfer
O00007,14/04/2026,C083,P017,3,798,Cynthia Aidoo,Mobile Money
O00008,16/02/2026,C015,P009,2,3100,Akua Mensimah,Mobile Money
O00009,31/03/2026,C077,P014,3,650,David Kwarteng,Mobile Money
O00010,08/03/2026,C050,P007,1,5200,Akua Mensimah,Card
O00011,19/01/2026,C047,P014,6,650,Esther Nyarko,Bank Transfer
O00012,05/07/2026,C085,P004,5,1522.5,Cynthia Aidoo,Cash
O00013,29/06/2026,C042,P013,1,320,Benjamin Osei,Cash
O00014,24/06/2026,C086,P013,3,320,Esther Nyarko,Bank Transfer
O00015,03/08/2026,C052,P018,1,95,Benjamin Osei,Cash
O00016,01/05/2026,C101,P011,2,110,Esther Nyarko,Cash
O00017,19/06/2026,C102,P006,1,168,Francis Amoah,Bank Transfer
O00018,23/06/2026,C012,P008,1,8200,Benjamin Osei,Mobile Money
O00019,03/05/2026,C006,P008,3,7790,David Kwarteng,Cash
O00020,04/07/2026,C114,P007,3,5200,David Kwarteng,Card
O00021,18/08/2026,C019,P001,4,80.75,David Kwarteng,Card
O00022,30/04/2026,C023,P017,1,760,Akua Mensimah,Cash
O00023,21/06/2026,C018,P015,2,441,Esther Nyarko,Bank Transfer
O00024,07/06/2026,C097,P015,4,441,David Kwarteng,Cash
O00025,11/07/2026,C115,P006,5,160,Cynthia Aidoo,Card
O00026,17/07/2026,C108,P009,4,3100,Francis Amoah,Card
O00027,21/01/2026,C036,P015,3,420,Cynthia Aidoo,Bank Transfer
O00028,22/01/2026,C041,P018,1,95,David Kwarteng,Card
O00029,18/01/2026,C091,P007,2,5200,Esther Nyarko,Cash
O00030,23/02/2026,C054,P002,4,240,Esther Nyarko,Mobile Money
O00031,04/05/2026,C110,P013,1,320,Cynthia Aidoo,Cash
O00032,19/05/2026,C110,P014,3,682.5,Esther Nyarko,Card
O00033,12/03/2026,C063,P008,2,7790,David Kwarteng,Bank Transfer
O00034,06/07/2026,C086,P013,1,320,Benjamin Osei,Mobile Money
O00035,02/06/2026,C117,P013,2,304,Akua Mensimah,Cash
O00036,17/02/2026,C018,P015,1,420,Cynthia Aidoo,Card
O00037,29/03/2026,C059,P011,4,110,Cynthia Aidoo,Cash
O00038,02/05/2026,C033,P003,1,189,Akua Mensimah,Bank Transfer
O00039,20/07/2026,C029,P003,8,171,Akua Mensimah,Card
O00040,10/06/2026,C026,P001,1,85,David Kwarteng,Mobile Money
O00041,01/05/2026,C073,P007,3,5200,Benjamin Osei,Mobile Money
O00042,22/03/2026,C100,P006,1,152,Cynthia Aidoo,Cash
O00043,21/01/2026,C051,P007,3,5200,Akua Mensimah,Bank Transfer
O00044,24/07/2026,C109,P004,10,1377.5,Cynthia Aidoo,Cash
O00045,19/01/2026,C085,P012,2,480,Akua Mensimah,Cash
O00046,29/01/2026,C106,P016,2,590,Francis Amoah,Cash
O00047,23/04/2026,C091,P005,1,2310,Francis Amoah,Bank Transfer
O00048,19/07/2026,C079,P018,2,95,Francis Amoah,Bank Transfer
O00049,02/08/2026,C042,P008,6,8200,David Kwarteng,Card
O00050,27/05/2026,C097,P015,3,420,Cynthia Aidoo,Mobile Money
O00051,17/02/2026,C064,P011,2,110,Cynthia Aidoo,Bank Transfer
O00052,24/05/2026,C036,P009,1,3100,Akua Mensimah,Card
O00053,07/05/2026,C093,P014,2,650,Francis Amoah,Cash
O00054,26/04/2026,C083,P016,4,560.5,Cynthia Aidoo,Card
O00055,21/03/2026,C052,P008,3,8200,David Kwarteng,Bank Transfer
O00056,27/03/2026,C055,P018,2,95,Cynthia Aidoo,Bank Transfer
O00057,01/02/2026,C033,P008,3,8200,Akua Mensimah,Card
O00058,10/07/2026,C025,P007,2,5460,Esther Nyarko,Bank Transfer
O00059,18/03/2026,C013,P007,1,5200,Cynthia Aidoo,Mobile Money
O00060,03/02/2026,C091,P018,1,90.25,Esther Nyarko,Bank Transfer
O00061,14/06/2026,C090,P005,5,2200,Akua Mensimah,Mobile Money
O00062,02/05/2026,C074,P010,2,720,Benjamin Osei,Mobile Money
O00063,31/01/2026,C033,P016,4,590,David Kwarteng,Mobile Money
O00064,09/02/2026,C074,P002,1,252,Cynthia Aidoo,Mobile Money
O00065,24/05/2026,C032,P004,4,1522.5,Esther Nyarko,Card
O00066,09/04/2026,C100,P017,2,760,Cynthia Aidoo,Cash
O00067,07/06/2026,C040,P002,8,228,Benjamin Osei,Card
O00068,11/02/2026,C034,P003,1,189,Akua Mensimah,Card
O00069,27/04/2026,C001,P014,3,650,Cynthia Aidoo,Mobile Money
O00070,01/07/2026,C030,P010,1,720,Akua Mensimah,Card
O00071,22/07/2026,C119,P009,4,3255,Francis Amoah,Card
O00072,21/05/2026,C055,P004,1,1450,Cynthia Aidoo,Card
O00073,13/02/2026,C010,P002,4,252,Francis Amoah,Bank Transfer
O00074,01/05/2026,C057,P004,3,1450,Cynthia Aidoo,Cash
O00075,04/06/2026,C057,P003,1,180,Francis Amoah,Bank Transfer
O00076,08/01/2026,C078,P009,1,3255,Esther Nyarko,Mobile Money
O00077,29/05/2026,C098,P009,1,3100,David Kwarteng,Cash
O00078,17/02/2026,C118,P009,10,3100,Francis Amoah,Cash
O00079,01/04/2026,C012,P016,2,590,Francis Amoah,Mobile Money
O00080,27/03/2026,C110,P006,2,160,Cynthia Aidoo,Cash
O00081,11/01/2026,C105,P018,2,95,Cynthia Aidoo,Bank Transfer
O00082,11/08/2026,C015,P013,2,304,Francis Amoah,Cash
O00083,19/02/2026,C053,P002,2,252,David Kwarteng,Cash
O00084,23/02/2026,C098,P002,1,240,Cynthia Aidoo,Cash
O00085,02/02/2026,C113,P016,1,619.5,Benjamin Osei,Card
O00086,05/01/2026,C040,P018,2,90.25,Benjamin Osei,Mobile Money
O00087,16/06/2026,C060,P004,4,1450,Francis Amoah,Bank Transfer
O00088,18/04/2026,C066,P009,4,3100,Benjamin Osei,Cash
O00089,10/04/2026,C071,P005,1,2310,Esther Nyarko,Card
O00090,13/03/2026,C111,P003,4,180,Cynthia Aidoo,Bank Transfer
O00091,15/03/2026,C106,P001,3,89.25,Esther Nyarko,Cash
O00092,26/04/2026,C111,P005,2,2200,Cynthia Aidoo,Cash
O00093,12/08/2026,C059,P011,1,110,Esther Nyarko,Cash
O00094,13/01/2026,C030,P014,1,650,Francis Amoah,Cash
O00095,08/05/2026,C050,P005,8,2200,Esther Nyarko,Bank Transfer
O00096,13/08/2026,C112,P004,5,1377.5,Esther Nyarko,Cash
O00097,16/04/2026,C002,P005,5,2200,Akua Mensimah,Cash
O00098,29/03/2026,C101,P009,3,3100,Francis Amoah,Mobile Money
O00099,08/08/2026,C110,P011,3,115.5,David Kwarteng,Bank Transfer
O00100,13/08/2026,C081,P016,2,619.5,Akua Mensimah,Card
O00101,01/03/2026,C081,P010,3,720,Akua Mensimah,Mobile Money
O00102,28/06/2026,C057,P006,1,152,Akua Mensimah,Bank Transfer
O00103,18/03/2026,C102,P002,2,240,Benjamin Osei,Card
O00104,26/05/2026,C068,P014,3,650,Benjamin Osei,Card
O00105,09/06/2026,C011,P013,3,320,Esther Nyarko,Card
O00106,14/06/2026,C030,P015,1,420,Francis Amoah,Mobile Money
O00107,20/08/2026,C116,P015,1,441,Benjamin Osei,Mobile Money
O00108,01/06/2026,C057,P012,1,480,Francis Amoah,Bank Transfer
O00109,21/02/2026,C059,P010,10,720,Akua Mensimah,Card
O00110,29/05/2026,C049,P012,1,480,Akua Mensimah,Cash
O00111,26/05/2026,C036,P001,5,80.75,Esther Nyarko,Cash
O00112,19/07/2026,C107,P010,4,756,Cynthia Aidoo,Card
O00113,09/06/2026,C082,P007,1,5200,Francis Amoah,Mobile Money
O00114,22/03/2026,C116,P002,4,228,Esther Nyarko,Bank Transfer
O00115,25/01/2026,C094,P005,5,2200,Francis Amoah,Cash
O00116,04/02/2026,C023,P007,4,5200,Esther Nyarko,Bank Transfer
O00117,08/03/2026,C107,P006,6,160,Cynthia Aidoo,Bank Transfer
O00118,01/05/2026,C103,P004,8,1450,Benjamin Osei,Cash
O00119,05/04/2026,C109,P018,1,95,Akua Mensimah,Bank Transfer
O00120,28/04/2026,C069,P004,2,1450,Esther Nyarko,Cash
O00121,29/01/2026,C106,P012,3,480,Akua Mensimah,Bank Transfer
O00122,16/06/2026,C118,P008,1,8200,Francis Amoah,Bank Transfer
O00123,31/01/2026,C084,P014,1,617.5,Cynthia Aidoo,Cash
O00124,03/03/2026,C015,P004,5,1450,David Kwarteng,Cash
O00125,19/04/2026,C048,P018,2,95,David Kwarteng,Mobile Money
O00126,08/06/2026,C107,P016,2,590,Akua Mensimah,Bank Transfer
O00127,25/04/2026,C028,P015,8,420,Akua Mensimah,Bank Transfer
O00128,17/01/2026,C070,P012,2,480,Akua Mensimah,Cash
O00129,15/06/2026,C012,P007,3,4940,Akua Mensimah,Bank Transfer
O00130,22/07/2026,C032,P005,2,2090,Esther Nyarko,Card
O00131,29/07/2026,C076,P007,5,5200,Benjamin Osei,Mobile Money
O00132,04/02/2026,C036,P005,2,2200,Akua Mensimah,Mobile Money
O00133,03/04/2026,C017,P001,4,85,Esther Nyarko,Bank Transfer
O00134,10/03/2026,C003,P006,1,160,Esther Nyarko,Mobile Money
O00135,03/05/2026,C096,P003,2,180,Esther Nyarko,Mobile Money
O00136,27/02/2026,C058,P017,6,722,Francis Amoah,Bank Transfer
O00137,17/01/2026,C059,P001,10,85,David Kwarteng,Mobile Money
O00138,20/01/2026,C063,P015,5,420,Esther Nyarko,Card
O00139,13/03/2026,C009,P005,3,2310,Esther Nyarko,Bank Transfer
O00140,18/03/2026,C049,P017,2,798,David Kwarteng,Mobile Money
O00141,08/08/2026,C102,P004,3,1522.5,Francis Amoah,Card
O00142,17/08/2026,C056,P015,1,420,David Kwarteng,Cash
O00143,23/03/2026,C054,P004,2,1450,Cynthia Aidoo,Card
O00144,19/01/2026,C088,P016,1,560.5,Akua Mensimah,Cash
O00145,28/07/2026,C013,P012,1,456,Esther Nyarko,Bank Transfer
O00146,17/04/2026,C086,P004,2,1450,Francis Amoah,Mobile Money
O00147,02/04/2026,C037,P010,1,756,Benjamin Osei,Card
O00148,28/02/2026,C085,P016,5,590,Esther Nyarko,Bank Transfer
O00149,28/05/2026,C015,P009,1,3100,Esther Nyarko,Mobile Money
O00150,09/01/2026,C078,P009,1,3100,Cynthia Aidoo,Bank Transfer
O00151,12/08/2026,C001,P006,1,160,Akua Mensimah,Card
O00152,25/01/2026,C095,P001,3,85,David Kwarteng,Cash
O00153,11/02/2026,C059,P011,2,110,Esther Nyarko,Mobile Money
O00154,10/02/2026,C114,P002,1,252,Akua Mensimah,Mobile Money
O00155,20/06/2026,C035,P015,2,441,David Kwarteng,Cash
O00156,14/07/2026,C035,P007,2,5200,David Kwarteng,Mobile Money
O00157,16/05/2026,C037,P016,3,560.5,Benjamin Osei,Cash
O00158,03/01/2026,C077,P002,1,240,Benjamin Osei,Bank Transfer
O00159,01/02/2026,C038,P011,1,110,Benjamin Osei,Card
O00160,01/07/2026,C049,P018,1,99.75,Francis Amoah,Bank Transfer
O00161,10/08/2026,C010,P013,3,320,Akua Mensimah,Cash
O00162,10/08/2026,C118,P003,1,180,Esther Nyarko,Cash
O00163,17/03/2026,C091,P014,1,617.5,Cynthia Aidoo,Card
O00164,02/08/2026,C103,P015,3,420,Akua Mensimah,Cash
O00165,05/03/2026,C109,P004,2,1450,Esther Nyarko,Mobile Money
O00166,11/07/2026,C051,P010,1,720,Benjamin Osei,Mobile Money
O00167,17/05/2026,C066,P004,2,1450,Cynthia Aidoo,Card
O00168,08/02/2026,C031,P004,1,1450,Esther Nyarko,Card
O00169,16/02/2026,C098,P003,8,180,David Kwarteng,Cash
O00170,11/08/2026,C088,P011,8,110,Benjamin Osei,Cash
O00171,25/04/2026,C009,P016,3,590,Esther Nyarko,Mobile Money
O00172,20/01/2026,C046,P017,1,760,Akua Mensimah,Mobile Money
O00173,21/01/2026,C048,P010,3,684,Esther Nyarko,Cash
O00174,23/07/2026,C060,P018,3,90.25,David Kwarteng,Card
O00175,10/05/2026,C042,P016,1,560.5,David Kwarteng,Mobile Money
O00176,03/07/2026,C104,P011,1,110,Akua Mensimah,Card
O00177,24/04/2026,C091,P015,2,441,Benjamin Osei,Bank Transfer
O00178,11/04/2026,C048,P010,2,720,Francis Amoah,Mobile Money
O00179,18/01/2026,C102,P011,1,115.5,Francis Amoah,Cash
O00180,06/07/2026,C037,P009,5,3255,Benjamin Osei,Bank Transfer
O00181,24/08/2026,C011,P005,2,2200,Benjamin Osei,Mobile Money
O00182,08/04/2026,C040,P018,3,95,Benjamin Osei,Mobile Money
O00183,12/05/2026,C083,P014,2,650,Cynthia Aidoo,Card
O00184,17/07/2026,C028,P011,2,110,Benjamin Osei,Card
O00185,06/08/2026,C010,P010,4,756,Esther Nyarko,Mobile Money
O00186,14/08/2026,C085,P011,4,110,Esther Nyarko,Cash
O00187,17/02/2026,C020,P006,4,168,Benjamin Osei,Cash
O00188,05/04/2026,C006,P014,3,650,David Kwarteng,Bank Transfer
O00189,02/03/2026,C097,P015,2,420,David Kwarteng,Card
O00190,30/04/2026,C048,P015,4,420,Esther Nyarko,Cash
O00191,26/07/2026,C021,P007,3,5200,Akua Mensimah,Cash
O00192,23/05/2026,C112,P012,6,504,Akua Mensimah,Bank Transfer
O00193,12/03/2026,C011,P006,2,168,Benjamin Osei,Cash
O00194,30/07/2026,C012,P008,2,8200,Akua Mensimah,Cash
O00195,10/05/2026,C007,P013,2,320,Akua Mensimah,Bank Transfer
O00196,24/03/2026,C029,P001,6,85,Benjamin Osei,Card
O00197,24/08/2026,C005,P010,4,720,Francis Amoah,Cash
O00198,21/08/2026,C058,P001,1,85,Benjamin Osei,Card
O00199,20/04/2026,C071,P017,1,760,Benjamin Osei,Bank Transfer
O00200,04/03/2026,C016,P002,2,252,David Kwarteng,Mobile Money
O00201,03/06/2026,C015,P016,2,619.5,Esther Nyarko,Card
O00202,17/03/2026,C092,P005,2,2310,Cynthia Aidoo,Card
O00203,18/02/2026,C074,P014,3,617.5,Esther Nyarko,Bank Transfer
O00204,21/05/2026,C009,P017,2,798,Esther Nyarko,Mobile Money
O00205,13/01/2026,C050,P016,3,590,Cynthia Aidoo,Mobile Money
O00206,31/03/2026,C046,P003,1,171,Esther Nyarko,Bank Transfer
O00207,02/04/2026,C018,P002,2,240,Francis Amoah,Cash
O00208,12/06/2026,C090,P016,1,590,Akua Mensimah,Cash
O00209,22/02/2026,C005,P010,1,720,Akua Mensimah,Bank Transfer
O00210,13/05/2026,C120,P010,2,756,David Kwarteng,Bank Transfer
O00211,16/03/2026,C005,P007,2,4940,Francis Amoah,Bank Transfer
O00212,25/07/2026,C035,P004,2,1450,Francis Amoah,Cash
O00213,29/03/2026,C115,P013,8,320,Francis Amoah,Cash
O00214,11/03/2026,C048,P017,4,760,Akua Mensimah,Cash
O00215,21/05/2026,C078,P006,1,152,Akua Mensimah,Bank Transfer
O00216,21/03/2026,C085,P010,2,720,Benjamin Osei,Cash
O00217,12/01/2026,C045,P015,3,420,Esther Nyarko,Cash
O00218,21/01/2026,C036,P002,3,240,Cynthia Aidoo,Card
O00219,07/08/2026,C004,P005,3,2200,Akua Mensimah,Card
O00220,20/07/2026,C009,P008,3,8200,David Kwarteng,Mobile Money
O00221,24/06/2026,C078,P005,2,2200,Cynthia Aidoo,Cash
O00222,28/05/2026,C098,P003,1,180,David Kwarteng,Bank Transfer
O00223,06/03/2026,C084,P009,8,2945,Francis Amoah,Card
O00224,11/04/2026,C064,P017,6,722,Cynthia Aidoo,Bank Transfer
O00225,25/02/2026,C091,P015,10,420,Francis Amoah,Cash
O00226,05/02/2026,C026,P004,5,1450,Benjamin Osei,Cash
O00227,21/06/2026,C012,P011,2,104.5,Esther Nyarko,Bank Transfer
O00228,07/08/2026,C115,P010,1,720,Cynthia Aidoo,Card
O00229,23/07/2026,C016,P007,1,5200,Akua Mensimah,Bank Transfer
O00230,01/05/2026,C071,P012,4,504,Benjamin Osei,Mobile Money
O00231,13/04/2026,C009,P010,10,720,Esther Nyarko,Cash
O00232,31/07/2026,C099,P014,2,650,Cynthia Aidoo,Mobile Money
O00233,25/06/2026,C058,P015,2,420,Esther Nyarko,Card
O00234,22/04/2026,C099,P005,2,2090,Akua Mensimah,Card
O00235,12/02/2026,C039,P006,1,160,Cynthia Aidoo,Bank Transfer
O00236,07/03/2026,C109,P003,1,189,Cynthia Aidoo,Card
O00237,08/06/2026,C081,P010,2,756,Francis Amoah,Card
O00238,14/02/2026,C076,P005,3,2310,Cynthia Aidoo,Mobile Money
O00239,22/01/2026,C106,P001,1,89.25,Cynthia Aidoo,Card
O00240,09/06/2026,C099,P014,3,650,Francis Amoah,Bank Transfer
O00241,05/05/2026,C083,P010,1,720,Cynthia Aidoo,Cash
O00242,11/02/2026,C010,P002,2,240,David Kwarteng,Card
O00243,23/03/2026,C044,P005,5,2200,Francis Amoah,Bank Transfer
O00244,15/07/2026,C052,P005,2,2310,Akua Mensimah,Bank Transfer
O00245,02/02/2026,C031,P015,1,420,Benjamin Osei,Mobile Money
O00246,10/04/2026,C007,P010,5,720,Benjamin Osei,Card
O00247,29/05/2026,C105,P011,3,110,Benjamin Osei,Cash
O00248,09/05/2026,C066,P015,5,420,Akua Mensimah,Mobile Money
O00249,29/04/2026,C051,P017,8,760,Esther Nyarko,Bank Transfer
O00250,15/03/2026,C007,P002,2,240,Cynthia Aidoo,Mobile Money
O00251,22/04/2026,C109,P004,1,1450,Francis Amoah,Bank Transfer
O00252,05/04/2026,C098,P013,1,304,Esther Nyarko,Card
O00253,16/03/2026,C047,P018,1,99.75,David Kwarteng,Bank Transfer
O00254,03/02/2026,C106,P004,8,1450,Cynthia Aidoo,Bank Transfer
O00255,14/07/2026,C072,P012,1,504,Esther Nyarko,Cash
O00256,13/01/2026,C065,P002,1,240,David Kwarteng,Cash
O00257,06/02/2026,C020,P017,1,798,Cynthia Aidoo,Card
O00258,02/06/2026,C051,P010,1,756,Esther Nyarko,Cash
O00259,03/05/2026,C091,P010,4,720,Cynthia Aidoo,Mobile Money
O00260,24/07/2026,C054,P010,5,684,Esther Nyarko,Cash
O00261,05/07/2026,C034,P008,1,8200,Benjamin Osei,Cash
O00262,10/01/2026,C019,P008,2,7790,Benjamin Osei,Mobile Money
O00263,19/04/2026,C057,P011,1,110,David Kwarteng,Cash
O00264,01/07/2026,C112,P002,1,240,Esther Nyarko,Bank Transfer
O00265,16/05/2026,C085,P016,2,590,David Kwarteng,Bank Transfer
O00266,24/06/2026,C070,P012,4,480,Esther Nyarko,Cash
O00267,14/03/2026,C025,P008,2,8200,Cynthia Aidoo,Bank Transfer
O00268,27/06/2026,C091,P007,3,5200,David Kwarteng,Bank Transfer
O00269,16/03/2026,C072,P009,1,3255,David Kwarteng,Cash
O00270,18/07/2026,C105,P012,4,480,Akua Mensimah,Bank Transfer
O00271,31/03/2026,C092,P003,6,180,Francis Amoah,Cash
O00272,01/08/2026,C028,P007,2,5460,Francis Amoah,Bank Transfer
O00273,08/06/2026,C018,P004,3,1450,Benjamin Osei,Mobile Money
O00274,28/02/2026,C086,P017,3,722,Akua Mensimah,Cash
O00275,27/01/2026,C043,P016,3,590,Akua Mensimah,Card
O00276,04/05/2026,C053,P016,3,590,Cynthia Aidoo,Bank Transfer
O00277,22/08/2026,C083,P002,4,252,Benjamin Osei,Mobile Money
O00278,18/04/2026,C117,P006,5,160,Akua Mensimah,Cash
O00279,18/02/2026,C101,P016,6,590,Akua Mensimah,Mobile Money
O00280,28/03/2026,C039,P004,1,1522.5,Esther Nyarko,Cash
O00281,07/08/2026,C114,P005,2,2200,Benjamin Osei,Mobile Money
O00282,08/07/2026,C043,P006,2,160,Francis Amoah,Card
O00283,23/07/2026,C002,P011,1,110,Benjamin Osei,Cash
O00284,13/05/2026,C106,P014,1,650,Francis Amoah,Mobile Money
O00285,04/05/2026,C024,P005,1,2200,Akua Mensimah,Bank Transfer
O00286,26/04/2026,C050,P008,4,8200,Cynthia Aidoo,Mobile Money
O00287,28/06/2026,C034,P012,1,456,David Kwarteng,Bank Transfer
O00288,26/06/2026,C021,P013,2,320,Francis Amoah,Mobile Money
O00289,06/04/2026,C082,P010,3,720,Benjamin Osei,Cash
O00290,12/07/2026,C020,P015,10,420,David Kwarteng,Cash
O00291,26/07/2026,C097,P018,3,95,Benjamin Osei,Mobile Money
O00292,17/05/2026,C068,P015,3,399,Esther Nyarko,Mobile Money
O00293,21/08/2026,C008,P018,2,99.75,Esther Nyarko,Card
O00294,08/08/2026,C022,P011,2,104.5,Francis Amoah,Card
O00295,25/01/2026,C092,P016,5,590,Akua Mensimah,Cash
O00296,18/04/2026,C017,P017,2,722,Esther Nyarko,Cash
O00297,06/07/2026,C087,P010,1,720,Akua Mensimah,Card
O00298,13/01/2026,C075,P003,2,171,Esther Nyarko,Mobile Money
O00299,02/05/2026,C120,P003,1,180,Benjamin Osei,Card
O00300,07/04/2026,C099,P014,10,650,David Kwarteng,Cash
O00301,25/06/2026,C049,P003,8,189,Benjamin Osei,Bank Transfer
O00302,19/05/2026,C016,P006,2,160,Francis Amoah,Card
O00303,14/07/2026,C107,P001,1,85,David Kwarteng,Cash
O00304,31/07/2026,C069,P013,1,320,Cynthia Aidoo,Card
O00305,14/08/2026,C036,P007,3,4940,Akua Mensimah,Cash
O00306,04/03/2026,C079,P001,1,80.75,Esther Nyarko,Mobile Money
O00307,05/03/2026,C058,P002,3,240,David Kwarteng,Card
O00308,14/07/2026,C070,P007,5,4940,Benjamin Osei,Bank Transfer
O00309,29/05/2026,C030,P011,3,110,Benjamin Osei,Bank Transfer
O00310,20/06/2026,C113,P005,2,2200,Cynthia Aidoo,Bank Transfer
O00311,02/06/2026,C008,P018,5,95,Francis Amoah,Cash
O00312,14/01/2026,C072,P016,8,590,Esther Nyarko,Bank Transfer
O00313,16/04/2026,C090,P014,1,650,Benjamin Osei,Cash
O00314,19/03/2026,C031,P008,5,8200,David Kwarteng,Mobile Money
O00315,18/04/2026,C072,P014,2,650,David Kwarteng,Card
O00316,27/03/2026,C033,P007,3,5200,Cynthia Aidoo,Mobile Money
O00317,15/01/2026,C069,P007,1,5460,Esther Nyarko,Mobile Money
O00318,19/02/2026,C112,P003,4,189,Francis Amoah,Card
O00319,12/08/2026,C062,P007,5,5200,Akua Mensimah,Card
O00320,10/07/2026,C120,P007,1,5200,Benjamin Osei,Card
O00321,23/05/2026,C051,P008,1,8200,David Kwarteng,Cash
O00322,21/03/2026,C069,P012,1,504,David Kwarteng,Cash
O00323,15/07/2026,C013,P016,4,590,Cynthia Aidoo,Bank Transfer
O00324,26/05/2026,C053,P002,5,240,Akua Mensimah,Bank Transfer
O00325,18/03/2026,C071,P014,1,650,Benjamin Osei,Cash
O00326,09/05/2026,C073,P008,2,8200,Cynthia Aidoo,Cash
O00327,29/04/2026,C093,P016,1,590,Benjamin Osei,Card
O00328,07/05/2026,C093,P018,1,99.75,Francis Amoah,Mobile Money
O00329,04/08/2026,C068,P002,5,228,Akua Mensimah,Cash
O00330,19/01/2026,C018,P008,3,7790,Benjamin Osei,Cash
O00331,09/06/2026,C048,P002,3,252,David Kwarteng,Cash
O00332,18/05/2026,C003,P001,2,80.75,Akua Mensimah,Bank Transfer
O00333,06/01/2026,C069,P010,2,720,Benjamin Osei,Mobile Money
O00334,16/05/2026,C118,P004,1,1450,Esther Nyarko,Bank Transfer
O00335,11/03/2026,C105,P012,4,456,Cynthia Aidoo,Cash
O00336,29/06/2026,C059,P008,1,7790,Francis Amoah,Mobile Money
O00337,09/04/2026,C012,P013,2,320,Akua Mensimah,Mobile Money
O00338,23/01/2026,C090,P006,2,160,Francis Amoah,Bank Transfer
O00339,19/08/2026,C073,P004,2,1377.5,Benjamin Osei,Card
O00340,12/03/2026,C116,P016,1,560.5,Francis Amoah,Bank Transfer
O00341,26/05/2026,C116,P018,3,95,Cynthia Aidoo,Mobile Money
O00342,13/07/2026,C027,P005,4,2200,Akua Mensimah,Bank Transfer
O00343,27/05/2026,C021,P008,4,8200,Francis Amoah,Bank Transfer
O00344,23/07/2026,C050,P005,10,2090,Esther Nyarko,Bank Transfer
O00345,23/04/2026,C007,P004,1,1377.5,Cynthia Aidoo,Cash
O00346,09/01/2026,C100,P011,3,110,David Kwarteng,Card
O00347,08/04/2026,C046,P018,2,99.75,Francis Amoah,Cash
O00348,25/07/2026,C011,P010,1,684,Akua Mensimah,Bank Transfer
O00349,03/07/2026,C020,P013,4,320,Francis Amoah,Cash
O00350,29/01/2026,C041,P012,1,480,David Kwarteng,Bank Transfer
O00351,28/01/2026,C098,P009,1,3100,David Kwarteng,Cash
O00352,13/05/2026,C072,P018,2,90.25,Akua Mensimah,Bank Transfer
O00353,03/06/2026,C071,P003,3,180,David Kwarteng,Mobile Money
O00354,11/04/2026,C038,P014,4,682.5,Benjamin Osei,Card
O00355,14/02/2026,C088,P013,1,320,Cynthia Aidoo,Cash
O00356,13/02/2026,C019,P003,2,180,Cynthia Aidoo,Cash
O00357,04/04/2026,C101,P003,1,180,Francis Amoah,Cash
O00358,29/04/2026,C077,P007,1,5200,Akua Mensimah,Cash
O00359,26/07/2026,C043,P013,5,320,Cynthia Aidoo,Cash
O00360,19/03/2026,C105,P005,1,2200,David Kwarteng,Bank Transfer
O00361,24/03/2026,C023,P013,1,320,Esther Nyarko,Card
O00362,14/03/2026,C042,P013,4,320,Cynthia Aidoo,Mobile Money
O00363,02/06/2026,C120,P007,10,5200,Francis Amoah,Mobile Money
O00364,02/07/2026,C094,P015,1,420,Francis Amoah,Mobile Money
O00365,23/06/2026,C105,P014,2,650,Benjamin Osei,Bank Transfer
O00366,04/07/2026,C085,P005,2,2200,Akua Mensimah,Cash
O00367,31/05/2026,C077,P016,2,619.5,Francis Amoah,Cash
O00368,23/07/2026,C070,P002,8,252,Esther Nyarko,Mobile Money
O00369,19/06/2026,C014,P008,3,8200,Francis Amoah,Mobile Money
O00370,13/07/2026,C073,P013,1,320,Akua Mensimah,Mobile Money
O00371,27/02/2026,C013,P009,2,3255,Esther Nyarko,Card
O00372,12/04/2026,C058,P012,2,504,Francis Amoah,Card
O00373,05/05/2026,C045,P001,1,85,Akua Mensimah,Mobile Money
O00374,01/04/2026,C107,P005,1,2200,Benjamin Osei,Cash
O00375,26/01/2026,C045,P016,2,590,Cynthia Aidoo,Mobile Money
O00376,28/07/2026,C039,P002,3,228,Cynthia Aidoo,Mobile Money
O00377,10/07/2026,C087,P006,1,160,Esther Nyarko,Card
O00378,21/04/2026,C043,P018,8,95,David Kwarteng,Card
O00379,13/04/2026,C024,P014,1,682.5,Benjamin Osei,Cash
O00380,11/04/2026,C076,P014,1,650,Benjamin Osei,Bank Transfer
O00381,29/05/2026,C097,P003,1,189,Benjamin Osei,Bank Transfer
O00382,29/04/2026,C042,P007,1,5200,Esther Nyarko,Bank Transfer
O00383,07/06/2026,C077,P013,2,304,Cynthia Aidoo,Bank Transfer
O00384,09/06/2026,C109,P015,1,420,Esther Nyarko,Mobile Money
O00385,23/03/2026,C087,P005,1,2200,Akua Mensimah,Card
O00386,12/05/2026,C048,P005,2,2310,Benjamin Osei,Cash
O00387,06/05/2026,C055,P006,3,160,Esther Nyarko,Card
O00388,06/02/2026,C063,P010,1,720,Esther Nyarko,Mobile Money
O00389,04/01/2026,C111,P012,2,480,David Kwarteng,Cash
O00390,18/04/2026,C053,P016,3,590,David Kwarteng,Card
O00391,24/07/2026,C011,P001,4,85,Akua Mensimah,Bank Transfer
O00392,16/03/2026,C029,P018,1,95,Esther Nyarko,Cash
O00393,30/01/2026,C071,P017,2,760,Esther Nyarko,Bank Transfer
O00394,15/07/2026,C070,P002,3,252,Benjamin Osei,Cash
O00395,19/03/2026,C014,P008,5,7790,David Kwarteng,Bank Transfer
O00396,24/04/2026,C045,P003,5,171,Benjamin Osei,Card
O00397,10/08/2026,C104,P012,3,480,Benjamin Osei,Card
O00398,29/07/2026,C101,P007,1,4940,Esther Nyarko,Bank Transfer
O00399,03/06/2026,C069,P009,2,3100,Francis Amoah,Bank Transfer
O00400,09/08/2026,C038,P009,2,2945,Benjamin Osei,Cash
O00401,13/03/2026,C118,P002,5,240,Francis Amoah,Card
O00402,03/07/2026,C032,P005,1,2200,Francis Amoah,Cash
O00403,29/05/2026,C063,P005,3,2200,David Kwarteng,Cash
O00404,15/04/2026,C010,P003,2,180,Francis Amoah,Bank Transfer
O00405,26/03/2026,C059,P016,2,560.5,Francis Amoah,Cash
O00406,07/08/2026,C082,P012,1,504,David Kwarteng,Card
O00407,08/05/2026,C055,P007,1,5200,Cynthia Aidoo,Card
O00408,22/07/2026,C073,P016,2,560.5,Akua Mensimah,Mobile Money
O00409,06/01/2026,C081,P015,1,420,David Kwarteng,Cash
O00410,22/02/2026,C001,P014,10,650,Francis Amoah,Bank Transfer
O00411,25/01/2026,C021,P009,3,3100,Akua Mensimah,Bank Transfer
O00412,15/01/2026,C086,P006,2,160,Francis Amoah,Card
O00413,01/07/2026,C055,P003,1,180,David Kwarteng,Mobile Money
O00414,14/05/2026,C017,P008,3,7790,Akua Mensimah,Bank Transfer
O00415,10/08/2026,C105,P004,2,1450,David Kwarteng,Mobile Money
O00416,24/01/2026,C030,P013,3,304,Akua Mensimah,Bank Transfer
O00417,06/02/2026,C048,P010,2,720,Francis Amoah,Card
O00418,26/05/2026,C009,P017,1,760,David Kwarteng,Bank Transfer
O00419,11/06/2026,C093,P007,3,5200,Esther Nyarko,Cash
O00420,24/01/2026,C111,P007,5,5200,Akua Mensimah,Cash
O00421,23/03/2026,C045,P014,4,650,Cynthia Aidoo,Mobile Money
O00422,04/06/2026,C032,P018,3,99.75,Cynthia Aidoo,Mobile Money
O00423,23/02/2026,C109,P010,2,756,Benjamin Osei,Cash
O00424,21/07/2026,C038,P002,5,240,David Kwarteng,Cash
O00425,09/05/2026,C015,P008,3,7790,Esther Nyarko,Mobile Money
O00426,04/02/2026,C047,P011,2,115.5,David Kwarteng,Bank Transfer
O00427,16/07/2026,C070,P006,2,152,Akua Mensimah,Mobile Money
O00428,26/02/2026,C002,P009,1,2945,David Kwarteng,Bank Transfer
O00429,17/07/2026,C081,P017,2,760,Akua Mensimah,Card
O00430,22/03/2026,C036,P003,1,180,Benjamin Osei,Bank Transfer
O00431,22/03/2026,C051,P003,3,180,Akua Mensimah,Card
O00432,31/01/2026,C012,P014,2,682.5,Akua Mensimah,Bank Transfer
O00433,01/02/2026,C086,P006,1,160,Francis Amoah,Mobile Money
O00434,31/03/2026,C021,P016,2,590,Benjamin Osei,Bank Transfer
O00435,08/07/2026,C017,P009,5,2945,Cynthia Aidoo,Cash
O00436,18/01/2026,C035,P017,1,798,Francis Amoah,Mobile Money
O00437,12/05/2026,C064,P015,2,420,Esther Nyarko,Card
O00438,08/03/2026,C048,P006,4,168,Francis Amoah,Mobile Money
O00439,02/01/2026,C030,P017,1,722,Benjamin Osei,Mobile Money
O00440,10/04/2026,C061,P012,6,480,Akua Mensimah,Cash
O00441,06/03/2026,C029,P011,2,110,Cynthia Aidoo,Mobile Money
O00442,01/02/2026,C074,P012,2,456,Benjamin Osei,Card
O00443,13/01/2026,C103,P017,8,722,David Kwarteng,Bank Transfer
O00444,26/03/2026,C100,P010,1,720,Akua Mensimah,Bank Transfer
O00445,26/05/2026,C026,P010,4,756,Benjamin Osei,Cash
O00446,18/07/2026,C048,P016,4,619.5,Benjamin Osei,Card
O00447,08/01/2026,C001,P014,1,650,Francis Amoah,Mobile Money
O00448,15/07/2026,C043,P001,3,85,Akua Mensimah,Card
O00449,19/04/2026,C068,P008,2,7790,Benjamin Osei,Bank Transfer
O00450,25/08/2026,C012,P002,1,252,David Kwarteng,Bank Transfer
O00451,30/05/2026,C059,P003,1,180,Francis Amoah,Cash
O00452,23/04/2026,C010,P002,3,240,Benjamin Osei,Bank Transfer
O00453,26/07/2026,C034,P011,2,110,Cynthia Aidoo,Cash
O00454,21/01/2026,C035,P008,6,8200,Esther Nyarko,Mobile Money
O00455,13/02/2026,C020,P004,2,1450,David Kwarteng,Mobile Money
O00456,18/07/2026,C069,P012,1,480,David Kwarteng,Bank Transfer
O00457,25/01/2026,C110,P004,1,1450,Francis Amoah,Mobile Money
O00458,08/02/2026,C028,P011,1,110,Cynthia Aidoo,Cash
O00459,24/06/2026,C066,P002,1,240,Akua Mensimah,Cash
O00460,24/05/2026,C110,P015,3,420,Akua Mensimah,Cash
O00461,02/02/2026,C014,P005,1,2200,Benjamin Osei,Card
O00462,07/04/2026,C106,P013,3,304,Esther Nyarko,Bank Transfer
O00463,07/01/2026,C118,P003,10,180,Francis Amoah,Cash
O00464,25/01/2026,C104,P005,5,2200,Akua Mensimah,Mobile Money
O00465,14/02/2026,C060,P002,6,240,Francis Amoah,Cash
O00466,09/04/2026,C064,P001,3,85,Cynthia Aidoo,Card
O00467,13/03/2026,C117,P006,1,160,Akua Mensimah,Card
O00468,09/05/2026,C083,P010,2,756,David Kwarteng,Mobile Money
O00469,10/04/2026,C012,P009,1,3100,Francis Amoah,Card
O00470,24/07/2026,C081,P018,1,95,Francis Amoah,Bank Transfer
O00471,21/07/2026,C062,P018,2,99.75,Esther Nyarko,Bank Transfer
O00472,17/02/2026,C050,P009,1,3255,Benjamin Osei,Mobile Money
O00473,16/01/2026,C115,P009,4,3100,Esther Nyarko,Bank Transfer
O00474,11/02/2026,C099,P008,1,8200,Cynthia Aidoo,Mobile Money
O00475,29/05/2026,C098,P008,5,8200,Cynthia Aidoo,Card
O00476,02/06/2026,C023,P008,1,8200,Esther Nyarko,Mobile Money
O00477,27/05/2026,C091,P012,2,504,Benjamin Osei,Cash
O00478,15/02/2026,C070,P010,2,684,Akua Mensimah,Card
O00479,07/01/2026,C078,P008,2,7790,Cynthia Aidoo,Card
O00480,30/03/2026,C104,P005,3,2200,Akua Mensimah,Mobile Money
O00481,19/07/2026,C019,P005,1,2310,Cynthia Aidoo,Mobile Money
O00482,01/06/2026,C048,P013,1,320,Cynthia Aidoo,Card
O00483,23/07/2026,C021,P014,3,650,Francis Amoah,Bank Transfer
O00484,28/06/2026,C023,P018,5,99.75,Cynthia Aidoo,Card
O00485,08/04/2026,C086,P006,1,160,Benjamin Osei,Card
O00486,30/06/2026,C094,P001,6,85,Esther Nyarko,Mobile Money
O00487,25/08/2026,C024,P011,4,115.5,Benjamin Osei,Mobile Money
O00488,07/02/2026,C120,P016,1,560.5,Benjamin Osei,Bank Transfer
O00489,13/06/2026,C041,P006,5,152,Francis Amoah,Bank Transfer
O00490,10/03/2026,C058,P001,1,80.75,Cynthia Aidoo,Bank Transfer
O00491,05/07/2026,C101,P004,1,1450,David Kwarteng,Cash
O00492,08/05/2026,C022,P014,5,650,Esther Nyarko,Cash
O00493,22/07/2026,C013,P016,5,590,Benjamin Osei,Cash
O00494,18/03/2026,C010,P002,1,240,Akua Mensimah,Mobile Money
O00495,17/08/2026,C044,P006,2,152,Esther Nyarko,Mobile Money
O00496,01/07/2026,C044,P016,1,590,Esther Nyarko,Cash
O00497,27/01/2026,C021,P002,1,240,David Kwarteng,Bank Transfer
O00498,19/03/2026,C085,P010,1,684,David Kwarteng,Cash
O00499,04/04/2026,C020,P002,1,228,Cynthia Aidoo,Cash
O00500,08/01/2026,C026,P004,1,1450,Akua Mensimah,Cash
O00501,21/03/2026,C109,P004,4,1450,David Kwarteng,Bank Transfer
O00502,11/04/2026,C012,P018,1,95,Cynthia Aidoo,Card
O00503,10/03/2026,C058,P002,2,240,Benjamin Osei,Bank Transfer
O00504,09/02/2026,C073,P002,4,228,Akua Mensimah,Bank Transfer
O00505,17/04/2026,C104,P018,8,99.75,Benjamin Osei,Mobile Money
O00506,30/07/2026,C108,P013,2,336,Francis Amoah,Cash
O00507,03/05/2026,C074,P008,1,8200,Francis Amoah,Mobile Money
O00508,25/07/2026,C065,P017,2,798,Benjamin Osei,Mobile Money
O00509,15/02/2026,C097,P015,6,420,Benjamin Osei,Card
O00510,20/04/2026,C017,P002,1,240,Benjamin Osei,Card
O00511,24/03/2026,C107,P009,6,2945,Akua Mensimah,Cash
O00512,23/05/2026,C072,P013,1,320,Esther Nyarko,Cash
O00513,22/07/2026,C118,P001,3,89.25,Esther Nyarko,Cash
O00514,09/02/2026,C015,P014,1,682.5,Esther Nyarko,Mobile Money
O00515,26/05/2026,C119,P004,4,1450,Esther Nyarko,Bank Transfer
O00516,10/03/2026,C113,P014,2,650,Esther Nyarko,Cash
O00517,13/03/2026,C005,P006,2,168,Esther Nyarko,Cash
O00518,17/08/2026,C005,P013,5,320,Akua Mensimah,Cash
O00519,19/08/2026,C118,P009,2,3100,Cynthia Aidoo,Bank Transfer
O00520,09/08/2026,C036,P016,3,560.5,Benjamin Osei,Card
O00521,19/07/2026,C039,P015,4,420,Francis Amoah,Cash
O00522,19/02/2026,C078,P003,2,180,Francis Amoah,Cash
O00523,12/08/2026,C098,P017,2,722,Esther Nyarko,Card
O00524,02/07/2026,C009,P010,2,720,Esther Nyarko,Mobile Money
O00525,14/08/2026,C023,P007,4,4940,Benjamin Osei,Mobile Money
O00526,25/08/2026,C059,P002,2,240,Cynthia Aidoo,Bank Transfer
O00527,11/05/2026,C106,P015,2,399,Francis Amoah,Mobile Money
O00528,07/05/2026,C031,P012,3,480,David Kwarteng,Bank Transfer
O00529,04/08/2026,C045,P006,5,152,Cynthia Aidoo,Mobile Money
O00530,12/02/2026,C050,P002,5,240,Benjamin Osei,Card
O00531,11/03/2026,C087,P007,3,5460,Akua Mensimah,Mobile Money
O00532,16/06/2026,C061,P005,1,2090,Benjamin Osei,Bank Transfer
O00533,03/07/2026,C078,P010,8,720,David Kwarteng,Cash
O00534,29/04/2026,C110,P012,1,480,Cynthia Aidoo,Cash
O00535,03/01/2026,C075,P004,2,1450,Esther Nyarko,Bank Transfer
O00536,05/05/2026,C039,P004,1,1450,Francis Amoah,Bank Transfer
O00537,09/03/2026,C111,P009,3,3100,Benjamin Osei,Card
O00538,20/08/2026,C067,P008,1,8610,David Kwarteng,Bank Transfer
O00539,05/07/2026,C088,P005,1,2200,Cynthia Aidoo,Bank Transfer
O00540,15/04/2026,C117,P014,2,617.5,Esther Nyarko,Card
O00541,26/06/2026,C044,P008,2,8200,Francis Amoah,Bank Transfer
O00542,06/08/2026,C065,P010,1,756,Benjamin Osei,Bank Transfer
O00543,03/02/2026,C013,P016,3,619.5,Benjamin Osei,Bank Transfer
O00544,27/02/2026,C084,P003,2,180,David Kwarteng,Bank Transfer
O00545,31/05/2026,C048,P009,1,2945,David Kwarteng,Mobile Money
O00546,02/05/2026,C111,P003,5,189,Akua Mensimah,Cash
O00547,17/04/2026,C068,P010,1,720,Benjamin Osei,Card
O00548,27/05/2026,C044,P014,5,650,Benjamin Osei,Bank Transfer
O00549,20/07/2026,C111,P006,1,160,Francis Amoah,Card
O00550,03/01/2026,C041,P002,2,240,Benjamin Osei,Card
O00551,04/02/2026,C063,P003,3,180,David Kwarteng,Cash
O00552,03/01/2026,C062,P013,1,320,Francis Amoah,Bank Transfer
O00553,14/07/2026,C002,P011,4,110,Akua Mensimah,Mobile Money
O00554,28/02/2026,C081,P008,3,8200,Cynthia Aidoo,Card
O00555,10/05/2026,C014,P013,2,320,Akua Mensimah,Mobile Money
O00556,28/04/2026,C039,P010,3,756,Esther Nyarko,Bank Transfer
O00557,30/03/2026,C056,P005,10,2200,Cynthia Aidoo,Card
O00558,06/01/2026,C022,P013,1,320,Benjamin Osei,Mobile Money
O00559,14/02/2026,C076,P017,1,722,David Kwarteng,Bank Transfer
O00560,10/06/2026,C099,P018,1,90.25,Francis Amoah,Mobile Money
O00561,14/01/2026,C084,P001,3,85,David Kwarteng,Cash
O00562,07/03/2026,C016,P018,2,95,Benjamin Osei,Mobile Money
O00563,20/06/2026,C039,P014,1,682.5,Cynthia Aidoo,Card
O00564,12/05/2026,C054,P004,3,1377.5,Cynthia Aidoo,Mobile Money
O00565,09/05/2026,C101,P004,1,1450,Cynthia Aidoo,Card
O00566,18/03/2026,C046,P014,1,682.5,David Kwarteng,Card
O00567,27/03/2026,C089,P016,1,560.5,Francis Amoah,Mobile Money
O00568,03/08/2026,C117,P004,2,1450,Benjamin Osei,Mobile Money
O00569,21/01/2026,C100,P017,3,722,Cynthia Aidoo,Card
O00570,10/03/2026,C059,P010,2,684,Benjamin Osei,Mobile Money
O00571,04/04/2026,C110,P010,4,720,David Kwarteng,Mobile Money
O00572,04/01/2026,C013,P002,5,240,Cynthia Aidoo,Bank Transfer
O00573,10/06/2026,C115,P015,1,399,Cynthia Aidoo,Bank Transfer
O00574,14/04/2026,C024,P004,2,1450,Cynthia Aidoo,Cash
O00575,25/07/2026,C089,P016,2,590,Akua Mensimah,Card
O00576,06/08/2026,C090,P002,1,240,Esther Nyarko,Cash
O00577,17/02/2026,C103,P015,3,420,Esther Nyarko,Mobile Money
O00578,05/05/2026,C111,P005,6,2090,David Kwarteng,Cash
O00579,09/03/2026,C006,P003,3,171,Francis Amoah,Card
O00580,14/05/2026,C086,P011,2,115.5,Akua Mensimah,Cash
O00581,05/05/2026,C085,P008,2,8200,Benjamin Osei,Mobile Money
O00582,11/05/2026,C002,P006,5,160,Benjamin Osei,Mobile Money
O00583,25/03/2026,C097,P016,1,590,Akua Mensimah,Card
O00584,15/04/2026,C071,P013,4,304,David Kwarteng,Cash
O00585,24/01/2026,C103,P015,5,420,Cynthia Aidoo,Mobile Money
O00586,28/01/2026,C064,P001,2,80.75,Esther Nyarko,Mobile Money
O00587,23/07/2026,C106,P003,3,189,Francis Amoah,Bank Transfer
O00588,25/05/2026,C114,P017,1,760,Cynthia Aidoo,Bank Transfer
O00589,30/07/2026,C106,P002,1,240,Cynthia Aidoo,Cash
O00590,04/07/2026,C092,P012,2,456,Francis Amoah,Card
O00591,02/04/2026,C001,P011,4,110,Esther Nyarko,Bank Transfer
O00592,13/01/2026,C090,P004,5,1450,Benjamin Osei,Cash
O00593,07/06/2026,C014,P009,1,2945,David Kwarteng,Card
O00594,04/07/2026,C059,P007,1,5200,Akua Mensimah,Mobile Money
O00595,29/04/2026,C099,P015,3,441,Benjamin Osei,Cash
O00596,09/07/2026,C001,P017,1,760,Esther Nyarko,Cash
O00597,20/07/2026,C119,P017,6,760,Francis Amoah,Card
O00598,28/01/2026,C094,P005,2,2310,Esther Nyarko,Bank Transfer
O00599,19/04/2026,C065,P013,8,320,Cynthia Aidoo,Cash
O00600,27/04/2026,C044,P010,4,720,David Kwarteng,Bank Transfer
O00601,10/08/2026,C108,P018,1,99.75,Francis Amoah,Card
O00602,10/06/2026,C026,P007,3,5200,Francis Amoah,Card
O00603,10/05/2026,C091,P006,2,160,Francis Amoah,Mobile Money
O00604,25/05/2026,C098,P012,2,504,Francis Amoah,Cash
O00605,16/03/2026,C087,P018,5,95,Akua Mensimah,Mobile Money
O00606,08/02/2026,C004,P013,1,304,Benjamin Osei,Bank Transfer
O00607,16/03/2026,C097,P006,3,160,Akua Mensimah,Bank Transfer
O00608,10/01/2026,C027,P018,2,95,Akua Mensimah,Card
O00609,11/04/2026,C096,P018,1,95,Francis Amoah,Mobile Money
O00610,11/04/2026,C119,P013,2,320,Esther Nyarko,Mobile Money
O00611,22/02/2026,C002,P009,3,3100,Benjamin Osei,Bank Transfer
O00612,10/07/2026,C097,P018,3,95,Cynthia Aidoo,Cash
O00613,18/02/2026,C023,P003,8,189,Akua Mensimah,Cash
O00614,14/03/2026,C006,P014,2,650,Benjamin Osei,Bank Transfer
O00615,01/05/2026,C001,P011,3,110,Akua Mensimah,Card
O00616,03/06/2026,C119,P011,1,115.5,Francis Amoah,Bank Transfer
O00617,03/04/2026,C063,P018,1,95,Esther Nyarko,Card
O00618,19/01/2026,C024,P017,4,760,David Kwarteng,Cash
O00619,27/02/2026,C012,P012,5,480,Cynthia Aidoo,Bank Transfer
O00620,13/07/2026,C038,P007,3,5200,Esther Nyarko,Mobile Money
O00621,26/04/2026,C015,P012,1,504,Esther Nyarko,Card
O00622,09/04/2026,C006,P011,6,104.5,David Kwarteng,Bank Transfer
O00623,08/01/2026,C070,P010,6,720,Esther Nyarko,Cash
O00624,18/03/2026,C063,P002,5,240,Cynthia Aidoo,Mobile Money
O00625,18/07/2026,C013,P006,2,152,Francis Amoah,Mobile Money
O00626,11/08/2026,C027,P007,3,4940,Benjamin Osei,Cash
O00627,12/07/2026,C083,P003,3,171,David Kwarteng,Bank Transfer
O00628,20/01/2026,C005,P003,1,180,Esther Nyarko,Mobile Money
O00629,23/08/2026,C074,P008,1,8200,David Kwarteng,Cash
O00630,06/01/2026,C056,P011,2,104.5,Esther Nyarko,Mobile Money
O00631,14/07/2026,C083,P003,3,171,Francis Amoah,Mobile Money
O00632,29/01/2026,C046,P017,1,760,Esther Nyarko,Mobile Money
O00633,09/04/2026,C037,P015,2,399,David Kwarteng,Card
O00634,05/02/2026,C069,P008,3,8610,Cynthia Aidoo,Card
O00635,04/01/2026,C039,P012,2,504,Benjamin Osei,Mobile Money
O00636,28/05/2026,C006,P001,3,89.25,Esther Nyarko,Mobile Money
O00637,12/07/2026,C040,P007,3,5200,Benjamin Osei,Cash
O00638,07/02/2026,C116,P017,1,760,Esther Nyarko,Bank Transfer
O00639,17/02/2026,C025,P004,3,1522.5,Akua Mensimah,Cash
O00640,20/01/2026,C083,P018,1,90.25,Cynthia Aidoo,Mobile Money
O00641,27/03/2026,C026,P016,2,590,Akua Mensimah,Bank Transfer
O00642,20/08/2026,C080,P003,1,180,David Kwarteng,Bank Transfer
O00643,28/06/2026,C079,P010,2,756,Esther Nyarko,Bank Transfer
O00644,21/04/2026,C104,P011,1,110,Benjamin Osei,Card
O00645,13/03/2026,C092,P014,5,650,Francis Amoah,Bank Transfer
O00646,30/04/2026,C113,P016,2,590,David Kwarteng,Mobile Money
O00647,05/08/2026,C023,P003,1,180,Esther Nyarko,Card
O00648,07/07/2026,C034,P003,1,171,Esther Nyarko,Mobile Money
O00649,17/07/2026,C105,P013,3,304,Esther Nyarko,Bank Transfer
O00650,02/05/2026,C070,P018,3,95,Cynthia Aidoo,Cash
O00651,05/02/2026,C029,P010,2,756,Akua Mensimah,Cash
O00652,04/01/2026,C047,P017,3,798,Francis Amoah,Card
O00653,06/02/2026,C097,P017,2,760,Esther Nyarko,Card
O00654,03/04/2026,C095,P016,1,590,Benjamin Osei,Mobile Money
O00655,02/03/2026,C034,P012,1,480,Esther Nyarko,Bank Transfer
O00656,24/08/2026,C050,P016,2,560.5,Akua Mensimah,Bank Transfer
O00657,13/06/2026,C014,P017,4,760,Esther Nyarko,Card
O00658,05/04/2026,C049,P013,2,304,Esther Nyarko,Bank Transfer
O00659,14/05/2026,C049,P008,2,8200,David Kwarteng,Cash
O00660,10/05/2026,C114,P001,5,85,Benjamin Osei,Card
O00661,15/06/2026,C010,P017,1,760,Benjamin Osei,Card
O00662,20/06/2026,C047,P004,1,1450,Francis Amoah,Mobile Money
O00663,04/05/2026,C062,P016,1,590,Francis Amoah,Cash
O00664,13/01/2026,C003,P008,1,8610,Benjamin Osei,Card
O00665,12/01/2026,C081,P017,5,760,Akua Mensimah,Card
O00666,14/05/2026,C034,P006,8,168,Esther Nyarko,Mobile Money
O00667,23/01/2026,C113,P010,1,756,David Kwarteng,Cash
O00668,02/08/2026,C022,P008,2,8200,Esther Nyarko,Card
O00669,10/03/2026,C080,P017,1,760,David Kwarteng,Mobile Money
O00670,10/04/2026,C030,P013,1,304,Benjamin Osei,Cash
O00671,06/06/2026,C106,P005,1,2200,Esther Nyarko,Mobile Money
O00672,10/05/2026,C113,P018,4,90.25,David Kwarteng,Card
O00673,01/08/2026,C116,P018,1,95,Esther Nyarko,Cash
O00674,29/06/2026,C048,P002,2,240,David Kwarteng,Cash
O00675,20/04/2026,C045,P004,1,1450,Benjamin Osei,Mobile Money
O00676,16/04/2026,C037,P018,1,90.25,Francis Amoah,Mobile Money
O00677,01/02/2026,C074,P017,2,760,Francis Amoah,Card
O00678,16/04/2026,C089,P011,2,110,David Kwarteng,Bank Transfer
O00679,20/04/2026,C034,P018,2,99.75,Cynthia Aidoo,Cash
O00680,17/04/2026,C097,P007,2,5460,David Kwarteng,Card
O00681,24/05/2026,C048,P018,2,95,Esther Nyarko,Bank Transfer
O00682,09/07/2026,C100,P013,1,304,Francis Amoah,Card
O00683,27/01/2026,C058,P006,1,160,Cynthia Aidoo,Mobile Money
O00684,13/06/2026,C021,P013,1,304,Benjamin Osei,Cash
O00685,24/01/2026,C119,P014,1,650,Cynthia Aidoo,Mobile Money
O00686,06/07/2026,C078,P002,2,240,Esther Nyarko,Bank Transfer
O00687,19/07/2026,C092,P002,4,240,David Kwarteng,Mobile Money
O00688,16/03/2026,C026,P017,1,798,Esther Nyarko,Card
O00689,23/06/2026,C079,P006,1,160,Francis Amoah,Mobile Money
O00690,13/03/2026,C021,P003,4,180,Francis Amoah,Cash
O00691,14/05/2026,C052,P007,1,4940,Akua Mensimah,Bank Transfer
O00692,24/08/2026,C093,P018,2,95,Cynthia Aidoo,Card
O00693,28/04/2026,C078,P007,6,5460,Akua Mensimah,Bank Transfer
O00694,11/05/2026,C023,P014,1,617.5,Esther Nyarko,Bank Transfer
O00695,26/07/2026,C044,P004,2,1450,Esther Nyarko,Bank Transfer
O00696,08/04/2026,C089,P015,2,420,Cynthia Aidoo,Cash
O00697,19/08/2026,C088,P015,2,399,David Kwarteng,Mobile Money
O00698,09/04/2026,C034,P003,3,180,Francis Amoah,Card
O00699,17/04/2026,C103,P011,8,115.5,Esther Nyarko,Mobile Money
O00700,06/03/2026,C090,P009,1,3100,Francis Amoah,Bank Transfer
O00701,16/02/2026,C010,P018,2,95,Benjamin Osei,Bank Transfer
O00702,09/05/2026,C024,P007,3,5200,Francis Amoah,Card
O00703,23/02/2026,C112,P009,1,3100,Esther Nyarko,Bank Transfer
O00704,01/02/2026,C020,P004,6,1450,Esther Nyarko,Mobile Money
O00705,12/01/2026,C098,P018,5,95,Esther Nyarko,Bank Transfer
O00706,07/05/2026,C064,P009,1,3255,Cynthia Aidoo,Cash
O00707,15/01/2026,C029,P005,2,2200,David Kwarteng,Mobile Money
O00708,12/04/2026,C065,P012,5,480,David Kwarteng,Mobile Money
O00709,29/04/2026,C090,P017,1,722,Akua Mensimah,Card
O00710,26/03/2026,C049,P004,2,1450,Benjamin Osei,Bank Transfer
O00711,02/05/2026,C031,P009,8,3100,Cynthia Aidoo,Card
O00712,24/02/2026,C064,P014,2,650,Cynthia Aidoo,Cash
O00713,17/02/2026,C036,P015,2,441,Francis Amoah,Card
O00714,05/07/2026,C105,P004,1,1450,Esther Nyarko,Cash
O00715,21/02/2026,C110,P013,1,320,David Kwarteng,Mobile Money
O00716,09/05/2026,C023,P014,1,682.5,Esther Nyarko,Bank Transfer
O00717,19/03/2026,C101,P016,1,619.5,Akua Mensimah,Cash
O00718,17/01/2026,C013,P006,1,160,David Kwarteng,Mobile Money
O00719,09/03/2026,C058,P011,2,115.5,Esther Nyarko,Bank Transfer
O00720,17/04/2026,C045,P001,1,89.25,Benjamin Osei,Card
O00721,02/04/2026,C100,P010,1,756,David Kwarteng,Cash
O00722,09/04/2026,C114,P003,3,180,Francis Amoah,Card
O00723,14/06/2026,C112,P006,4,160,David Kwarteng,Cash
O00724,22/01/2026,C109,P003,1,180,Cynthia Aidoo,Bank Transfer
O00725,02/07/2026,C084,P010,1,720,Cynthia Aidoo,Cash
O00726,12/07/2026,C100,P012,2,480,David Kwarteng,Card
O00727,03/02/2026,C024,P001,3,85,Francis Amoah,Mobile Money
O00728,13/04/2026,C027,P006,1,152,David Kwarteng,Mobile Money
O00729,16/05/2026,C004,P013,4,304,Akua Mensimah,Bank Transfer
O00730,23/01/2026,C080,P005,3,2200,Cynthia Aidoo,Card
O00731,25/04/2026,C032,P010,3,720,Esther Nyarko,Card
O00732,20/06/2026,C004,P002,2,240,David Kwarteng,Cash
O00733,12/03/2026,C112,P018,2,95,Francis Amoah,Card
O00734,12/06/2026,C076,P015,3,441,David Kwarteng,Bank Transfer
O00735,05/05/2026,C117,P012,2,456,David Kwarteng,Bank Transfer
O00736,09/03/2026,C047,P014,1,617.5,Akua Mensimah,Card
O00737,02/05/2026,C045,P010,2,720,David Kwarteng,Bank Transfer
O00738,25/07/2026,C002,P014,1,650,Akua Mensimah,Bank Transfer
O00739,15/08/2026,C025,P014,2,650,Benjamin Osei,Card
O00740,02/08/2026,C092,P013,2,320,Akua Mensimah,Cash
O00741,14/05/2026,C081,P008,4,8610,Francis Amoah,Bank Transfer
O00742,28/07/2026,C037,P018,1,95,Akua Mensimah,Card
O00743,30/01/2026,C018,P010,3,756,David Kwarteng,Bank Transfer
O00744,19/02/2026,C090,P016,1,590,Akua Mensimah,Mobile Money
O00745,15/03/2026,C024,P004,1,1450,Francis Amoah,Mobile Money
O00746,09/02/2026,C030,P003,1,180,Cynthia Aidoo,Cash
O00747,07/04/2026,C040,P016,2,560.5,Cynthia Aidoo,Mobile Money
O00748,16/01/2026,C108,P005,1,2200,Akua Mensimah,Cash
O00749,19/08/2026,C024,P007,5,5200,Akua Mensimah,Mobile Money
O00750,10/04/2026,C099,P008,4,8200,Benjamin Osei,Mobile Money
O00751,09/07/2026,C026,P015,4,441,Francis Amoah,Card
O00752,25/06/2026,C061,P013,8,320,Benjamin Osei,Mobile Money
O00753,15/05/2026,C096,P018,1,95,Francis Amoah,Bank Transfer
O00754,17/08/2026,C026,P012,1,480,Akua Mensimah,Card
O00755,26/03/2026,C082,P014,1,650,Esther Nyarko,Mobile Money
O00756,04/01/2026,C051,P008,8,8610,Francis Amoah,Cash
O00757,07/04/2026,C089,P005,4,2200,Benjamin Osei,Cash
O00758,15/07/2026,C012,P011,3,104.5,Cynthia Aidoo,Card
O00759,23/07/2026,C090,P018,1,95,Benjamin Osei,Bank Transfer
O00760,27/07/2026,C072,P012,5,480,Akua Mensimah,Cash
O00761,07/03/2026,C046,P005,5,2200,Francis Amoah,Cash
O00762,20/05/2026,C072,P010,3,720,Esther Nyarko,Card
O00763,25/03/2026,C070,P012,3,480,Esther Nyarko,Card
O00764,10/02/2026,C009,P017,2,760,Esther Nyarko,Bank Transfer
O00765,19/07/2026,C059,P001,3,85,Francis Amoah,Card
O00766,09/06/2026,C114,P001,5,89.25,Benjamin Osei,Bank Transfer
O00767,19/06/2026,C093,P003,8,180,Benjamin Osei,Cash
O00768,10/02/2026,C099,P018,3,95,David Kwarteng,Bank Transfer
O00769,15/05/2026,C015,P004,3,1377.5,Benjamin Osei,Card
O00770,22/02/2026,C112,P002,1,240,Akua Mensimah,Mobile Money
O00771,19/06/2026,C074,P013,2,336,Francis Amoah,Bank Transfer
O00772,27/02/2026,C007,P012,3,456,Akua Mensimah,Card
O00773,17/08/2026,C084,P016,4,590,Francis Amoah,Mobile Money
O00774,11/07/2026,C047,P018,6,95,Cynthia Aidoo,Mobile Money
O00775,17/05/2026,C106,P009,1,2945,Cynthia Aidoo,Mobile Money
O00776,26/01/2026,C028,P017,1,760,Esther Nyarko,Cash
O00777,16/05/2026,C025,P007,3,5460,Francis Amoah,Card
O00778,18/04/2026,C072,P018,3,99.75,Cynthia Aidoo,Cash
O00779,16/08/2026,C090,P014,1,650,Esther Nyarko,Cash
O00780,19/06/2026,C065,P011,1,115.5,David Kwarteng,Bank Transfer
O00781,22/05/2026,C116,P011,10,110,Cynthia Aidoo,Cash
O00782,01/08/2026,C098,P014,3,682.5,Benjamin Osei,Card
O00783,11/07/2026,C049,P018,1,95,David Kwarteng,Cash
O00784,15/03/2026,C001,P002,3,252,Benjamin Osei,Bank Transfer
O00785,27/02/2026,C001,P010,1,720,Akua Mensimah,Bank Transfer
O00786,12/05/2026,C118,P018,2,99.75,Benjamin Osei,Mobile Money
O00787,03/04/2026,C005,P015,1,420,Cynthia Aidoo,Card
O00788,28/07/2026,C030,P009,1,3255,David Kwarteng,Card
O00789,06/07/2026,C094,P003,1,180,Benjamin Osei,Cash
O00790,03/06/2026,C106,P004,3,1377.5,Francis Amoah,Cash
O00791,25/08/2026,C011,P002,4,240,David Kwarteng,Cash
O00792,12/08/2026,C120,P004,4,1522.5,Akua Mensimah,Cash
O00793,16/05/2026,C007,P010,1,756,Esther Nyarko,Card
O00794,29/06/2026,C042,P017,1,722,Francis Amoah,Cash
O00795,25/01/2026,C058,P017,1,760,David Kwarteng,Card
O00796,23/01/2026,C017,P011,2,104.5,Esther Nyarko,Cash
O00797,14/04/2026,C034,P003,2,180,Benjamin Osei,Cash
O00798,06/05/2026,C072,P007,2,5460,Benjamin Osei,Card
O00799,11/03/2026,C032,P003,4,180,Francis Amoah,Mobile Money
O00800,20/04/2026,C015,P014,2,650,Cynthia Aidoo,Bank Transfer
O00801,18/07/2026,C077,P001,1,85,Esther Nyarko,Cash
O00802,24/04/2026,C080,P005,1,2200,Benjamin Osei,Bank Transfer
O00803,30/01/2026,C020,P003,3,180,Esther Nyarko,Card
O00804,05/01/2026,C112,P010,2,684,Cynthia Aidoo,Cash
O00805,27/03/2026,C061,P001,1,89.25,Benjamin Osei,Card
O00806,13/07/2026,C070,P017,1,760,Esther Nyarko,Card
O00807,08/04/2026,C089,P001,2,89.25,Akua Mensimah,Bank Transfer
O00808,15/03/2026,C022,P002,1,252,Cynthia Aidoo,Mobile Money
O00809,19/01/2026,C060,P001,2,85,Francis Amoah,Bank Transfer
O00810,06/01/2026,C111,P004,1,1450,Benjamin Osei,Cash
O00811,21/08/2026,C066,P004,1,1522.5,Esther Nyarko,Mobile Money
O00812,10/05/2026,C024,P007,8,5460,Francis Amoah,Mobile Money
O00813,17/05/2026,C006,P008,1,8200,David Kwarteng,Card
O00814,26/06/2026,C003,P012,2,480,Benjamin Osei,Bank Transfer
O00815,11/06/2026,C104,P002,1,240,Akua Mensimah,Bank Transfer
O00816,30/03/2026,C029,P005,5,2200,Akua Mensimah,Cash
O00817,18/04/2026,C067,P008,1,8200,David Kwarteng,Bank Transfer
O00818,26/04/2026,C117,P011,2,110,Francis Amoah,Card
O00819,26/06/2026,C075,P018,4,95,Cynthia Aidoo,Card
O00820,18/06/2026,C056,P005,6,2200,Cynthia Aidoo,Mobile Money
O00821,05/07/2026,C072,P018,1,95,Benjamin Osei,Mobile Money
O00822,15/08/2026,C098,P011,8,110,Cynthia Aidoo,Cash
O00823,09/02/2026,C096,P009,4,2945,Benjamin Osei,Card
O00824,06/06/2026,C004,P009,2,3100,Esther Nyarko,Card
O00825,03/04/2026,C030,P001,1,85,Benjamin Osei,Cash
O00826,18/02/2026,C092,P012,5,480,David Kwarteng,Card
O00827,28/02/2026,C021,P007,1,4940,Cynthia Aidoo,Cash
O00828,14/07/2026,C029,P007,1,5200,David Kwarteng,Cash
O00829,11/08/2026,C089,P011,2,110,David Kwarteng,Cash
O00830,06/06/2026,C100,P002,3,240,Francis Amoah,Bank Transfer
O00831,16/05/2026,C051,P018,3,90.25,Esther Nyarko,Mobile Money
O00832,01/08/2026,C058,P015,5,420,Esther Nyarko,Cash
O00833,24/05/2026,C095,P002,2,228,Benjamin Osei,Bank Transfer
O00834,16/08/2026,C057,P013,1,320,David Kwarteng,Card
O00835,07/06/2026,C055,P010,6,756,Benjamin Osei,Cash
O00836,25/01/2026,C107,P015,3,399,Benjamin Osei,Card
O00837,25/03/2026,C051,P014,2,650,David Kwarteng,Card
O00838,25/01/2026,C113,P015,1,420,Francis Amoah,Mobile Money
O00839,01/07/2026,C012,P004,2,1450,Akua Mensimah,Cash
O00840,07/06/2026,C094,P017,6,760,Esther Nyarko,Cash
O00841,23/08/2026,C006,P006,1,160,Benjamin Osei,Card
O00842,19/04/2026,C023,P002,1,240,Cynthia Aidoo,Card
O00843,22/02/2026,C016,P005,1,2200,Akua Mensimah,Cash
O00844,21/05/2026,C064,P016,4,619.5,David Kwarteng,Card
O00845,28/04/2026,C028,P016,2,560.5,Esther Nyarko,Mobile Money
O00846,14/03/2026,C032,P018,3,99.75,Benjamin Osei,Mobile Money
O00847,16/01/2026,C024,P005,3,2090,Benjamin Osei,Mobile Money
O00848,27/03/2026,C086,P010,6,684,Akua Mensimah,Cash
O00849,23/06/2026,C023,P006,1,168,Esther Nyarko,Card
O00850,11/01/2026,C059,P012,1,480,Cynthia Aidoo,Bank Transfer
O00851,30/07/2026,C115,P013,1,320,Esther Nyarko,Mobile Money
O00852,05/02/2026,C038,P016,1,590,Cynthia Aidoo,Cash
O00853,29/06/2026,C068,P007,1,4940,Akua Mensimah,Mobile Money
O00854,21/04/2026,C062,P010,3,720,Cynthia Aidoo,Bank Transfer
O00855,08/06/2026,C119,P005,2,2310,Francis Amoah,Cash
O00856,16/08/2026,C064,P006,3,160,Benjamin Osei,Mobile Money
O00857,01/05/2026,C016,P001,3,80.75,Francis Amoah,Card
O00858,17/04/2026,C103,P014,1,650,Esther Nyarko,Card
O00859,27/06/2026,C002,P007,1,4940,Cynthia Aidoo,Bank Transfer
O00860,25/03/2026,C065,P018,4,90.25,Francis Amoah,Bank Transfer
O00861,06/07/2026,C044,P013,2,304,Benjamin Osei,Card
O00862,23/06/2026,C043,P011,2,110,Akua Mensimah,Card
O00863,11/06/2026,C062,P005,2,2310,Cynthia Aidoo,Cash
O00864,11/07/2026,C101,P014,1,682.5,Cynthia Aidoo,Bank Transfer
O00865,06/01/2026,C072,P018,1,95,Cynthia Aidoo,Mobile Money
O00866,05/08/2026,C020,P009,1,3100,Francis Amoah,Card
O00867,18/02/2026,C074,P013,3,320,Francis Amoah,Bank Transfer
O00868,12/03/2026,C091,P002,2,240,Benjamin Osei,Bank Transfer
O00869,26/02/2026,C058,P010,2,720,Akua Mensimah,Bank Transfer
O00870,20/07/2026,C101,P002,1,228,David Kwarteng,Mobile Money
O00871,21/08/2026,C103,P016,2,590,Cynthia Aidoo,Cash
O00872,22/03/2026,C094,P017,4,760,Akua Mensimah,Card
O00873,29/04/2026,C027,P002,2,252,Akua Mensimah,Mobile Money
O00874,26/06/2026,C040,P002,5,228,Cynthia Aidoo,Cash
O00875,28/01/2026,C114,P002,2,240,Akua Mensimah,Bank Transfer
O00876,25/03/2026,C082,P007,1,5200,Cynthia Aidoo,Bank Transfer
O00877,22/06/2026,C099,P015,1,420,Benjamin Osei,Bank Transfer
O00878,10/06/2026,C015,P001,2,80.75,Benjamin Osei,Bank Transfer
O00879,12/03/2026,C071,P011,1,110,Esther Nyarko,Card
O00880,22/03/2026,C022,P003,3,180,Esther Nyarko,Cash
O00881,09/01/2026,C007,P005,2,2090,Akua Mensimah,Cash
O00882,21/04/2026,C007,P003,2,189,Esther Nyarko,Cash
O00883,22/03/2026,C079,P012,1,480,Francis Amoah,Mobile Money
O00884,27/05/2026,C119,P015,1,420,Akua Mensimah,Cash
O00885,02/05/2026,C040,P015,1,420,Benjamin Osei,Bank Transfer
O00886,12/04/2026,C117,P012,1,480,Cynthia Aidoo,Cash
O00887,18/01/2026,C063,P001,2,85,David Kwarteng,Cash
O00888,15/03/2026,C109,P006,4,168,Esther Nyarko,Card
O00889,15/04/2026,C066,P004,4,1377.5,Cynthia Aidoo,Mobile Money
O00890,18/05/2026,C102,P010,2,756,David Kwarteng,Card
O00891,22/05/2026,C080,P008,1,8200,David Kwarteng,Mobile Money
O00892,29/07/2026,C044,P007,3,5200,David Kwarteng,Bank Transfer
O00893,15/02/2026,C070,P008,3,7790,Francis Amoah,Cash
O00894,26/03/2026,C015,P015,2,420,Benjamin Osei,Bank Transfer
O00895,04/06/2026,C052,P003,1,189,David Kwarteng,Bank Transfer
O00896,25/01/2026,C064,P002,1,240,Esther Nyarko,Mobile Money
O00897,20/06/2026,C097,P005,1,2310,Cynthia Aidoo,Cash
O00898,21/02/2026,C079,P015,1,420,Cynthia Aidoo,Bank Transfer
O00899,04/07/2026,C118,P014,10,650,Akua Mensimah,Mobile Money
O00900,15/04/2026,C079,P017,5,760,Akua Mensimah,Bank Transfer
O00901,15/01/2026,C116,P018,1,99.75,Cynthia Aidoo,Mobile Money
O00902,11/08/2026,C111,P010,1,720,Francis Amoah,Cash
O00903,03/07/2026,C081,P011,2,110,David Kwarteng,Card
O00904,03/05/2026,C085,P006,1,168,David Kwarteng,Bank Transfer
O00905,10/02/2026,C108,P014,1,650,Benjamin Osei,Mobile Money
O00906,07/02/2026,C010,P001,3,85,Francis Amoah,Cash
O00907,06/02/2026,C018,P003,3,180,David Kwarteng,Cash
O00908,28/04/2026,C080,P006,2,168,David Kwarteng,Cash
O00909,18/02/2026,C046,P008,2,7790,Esther Nyarko,Cash
O00910,03/07/2026,C109,P008,2,8200,Esther Nyarko,Bank Transfer
O00911,27/05/2026,C005,P002,2,240,Akua Mensimah,Cash
O00912,07/02/2026,C089,P003,3,189,Cynthia Aidoo,Cash
O00913,15/05/2026,C067,P003,5,171,Benjamin Osei,Cash
O00914,26/06/2026,C081,P003,3,189,Cynthia Aidoo,Mobile Money
O00915,18/05/2026,C116,P011,4,110,David Kwarteng,Cash
O00916,19/04/2026,C074,P011,2,110,Cynthia Aidoo,Card
O00917,07/07/2026,C005,P010,4,720,Akua Mensimah,Cash
O00918,28/05/2026,C075,P006,1,160,Francis Amoah,Mobile Money
O00919,23/01/2026,C037,P016,1,560.5,Cynthia Aidoo,Bank Transfer
O00920,13/03/2026,C017,P009,5,2945,Francis Amoah,Mobile Money
O00921,22/08/2026,C078,P006,3,160,Francis Amoah,Cash
O00922,09/03/2026,C048,P006,4,160,David Kwarteng,Card
O00923,10/08/2026,C103,P017,1,722,Benjamin Osei,Card
O00924,13/07/2026,C108,P016,10,590,Benjamin Osei,Cash
O00925,24/02/2026,C093,P006,2,160,Akua Mensimah,Bank Transfer
O00926,15/01/2026,C097,P004,1,1450,David Kwarteng,Bank Transfer
O00927,02/03/2026,C061,P018,2,95,David Kwarteng,Bank Transfer
O00928,12/08/2026,C019,P017,2,760,David Kwarteng,Cash
O00929,17/05/2026,C087,P011,3,104.5,Akua Mensimah,Bank Transfer
O00930,07/06/2026,C109,P014,6,650,Cynthia Aidoo,Bank Transfer
O00931,08/03/2026,C035,P004,3,1450,David Kwarteng,Card
O00932,15/05/2026,C094,P007,1,5200,Cynthia Aidoo,Mobile Money
O00933,02/08/2026,C087,P001,1,85,Akua Mensimah,Mobile Money
O00934,01/04/2026,C088,P015,1,420,Cynthia Aidoo,Card
O00935,09/06/2026,C005,P001,1,89.25,Francis Amoah,Card
O00936,02/07/2026,C077,P004,8,1377.5,Esther Nyarko,Card
O00937,19/08/2026,C049,P006,1,160,Cynthia Aidoo,Bank Transfer
O00938,14/06/2026,C060,P003,2,180,David Kwarteng,Bank Transfer
O00939,20/07/2026,C033,P006,1,152,David Kwarteng,Cash
O00940,09/03/2026,C043,P002,8,240,Benjamin Osei,Cash
O00941,22/02/2026,C009,P016,3,590,Francis Amoah,Cash
O00942,20/05/2026,C014,P005,4,2200,Esther Nyarko,Mobile Money
O00943,04/07/2026,C117,P015,1,399,Akua Mensimah,Mobile Money
O00944,19/07/2026,C074,P009,2,3100,Benjamin Osei,Mobile Money
O00945,21/06/2026,C120,P002,2,240,Francis Amoah,Bank Transfer
O00946,29/05/2026,C116,P013,1,320,David Kwarteng,Cash
O00947,20/05/2026,C052,P003,1,180,Francis Amoah,Cash
O00948,03/04/2026,C016,P018,1,95,David Kwarteng,Mobile Money
O00949,05/04/2026,C081,P003,2,180,Akua Mensimah,Cash
O00950,16/06/2026,C098,P010,1,756,Akua Mensimah,Cash
O00951,19/03/2026,C085,P007,3,4940,Francis Amoah,Bank Transfer
O00952,16/08/2026,C063,P003,3,180,Benjamin Osei,Mobile Money
O00953,05/07/2026,C025,P001,10,85,David Kwarteng,Cash
O00954,15/06/2026,C009,P018,1,99.75,David Kwarteng,Mobile Money
O00955,16/01/2026,C005,P011,1,104.5,David Kwarteng,Mobile Money
O00956,29/04/2026,C028,P017,6,798,Benjamin Osei,Card
O00957,11/01/2026,C119,P003,3,180,Francis Amoah,Mobile Money
O00958,05/03/2026,C061,P002,3,240,Akua Mensimah,Card
O00959,21/08/2026,C081,P002,1,228,David Kwarteng,Card
O00960,30/07/2026,C107,P003,4,171,David Kwarteng,Card
O00961,21/04/2026,C009,P007,1,5200,Cynthia Aidoo,Mobile Money
O00962,06/02/2026,C088,P018,1,95,Akua Mensimah,Card
O00963,01/02/2026,C043,P003,1,180,Benjamin Osei,Bank Transfer
O00964,24/04/2026,C071,P006,1,168,Akua Mensimah,Card
O00965,20/07/2026,C013,P013,1,320,Akua Mensimah,Mobile Money
O00966,24/01/2026,C001,P006,3,168,Cynthia Aidoo,Cash
O00967,28/06/2026,C089,P016,1,590,Francis Amoah,Bank Transfer
O00968,17/04/2026,C067,P015,1,420,Esther Nyarko,Mobile Money
O00969,04/07/2026,C077,P006,2,152,Francis Amoah,Bank Transfer
O00970,03/01/2026,C045,P014,2,650,Akua Mensimah,Mobile Money
O00971,10/08/2026,C080,P012,4,504,Esther Nyarko,Card
O00972,13/03/2026,C060,P007,1,4940,Benjamin Osei,Cash
O00973,11/02/2026,C064,P006,3,152,Akua Mensimah,Bank Transfer
O00974,23/04/2026,C037,P007,1,5460,David Kwarteng,Mobile Money
O00975,19/05/2026,C014,P002,1,228,David Kwarteng,Mobile Money
O00976,05/07/2026,C010,P008,2,8610,Cynthia Aidoo,Cash
O00977,01/03/2026,C026,P011,4,110,Benjamin Osei,Mobile Money
O00978,12/08/2026,C031,P014,1,650,Akua Mensimah,Cash
O00979,15/01/2026,C075,P016,5,590,Benjamin Osei,Cash
O00980,07/04/2026,C023,P013,1,320,Francis Amoah,Bank Transfer
O00981,28/03/2026,C035,P007,1,5460,Akua Mensimah,Bank Transfer
O00982,08/08/2026,C018,P004,2,1450,Benjamin Osei,Bank Transfer
O00983,05/06/2026,C029,P010,1,756,Benjamin Osei,Card
O00984,09/08/2026,C012,P014,2,650,Esther Nyarko,Cash
O00985,14/03/2026,C108,P015,1,420,Francis Amoah,Card
O00986,23/04/2026,C032,P011,2,115.5,Benjamin Osei,Mobile Money
O00987,12/01/2026,C054,P002,10,252,Akua Mensimah,Cash
O00988,04/05/2026,C068,P013,4,304,David Kwarteng,Cash
O00989,24/05/2026,C031,P003,4,180,Benjamin Osei,Card
O00990,04/03/2026,C046,P010,3,684,Akua Mensimah,Cash
O00991,12/02/2026,C086,P010,3,756,Francis Amoah,Mobile Money
O00992,18/07/2026,C059,P015,1,420,Benjamin Osei,Bank Transfer
O00993,01/07/2026,C081,P015,3,399,David Kwarteng,Bank Transfer
O00994,18/03/2026,C068,P002,2,240,Francis Amoah,Card
O00995,09/06/2026,C101,P003,5,171,Esther Nyarko,Bank Transfer
O00996,30/01/2026,C114,P002,2,240,Esther Nyarko,Mobile Money
O00997,15/02/2026,C047,P012,3,456,Esther Nyarko,Card
O00998,04/03/2026,C018,P011,2,110,Francis Amoah,Card
O00999,25/03/2026,C097,P008,2,8200,Esther Nyarko,Cash
O01000,18/01/2026,C036,P002,2,240,David Kwarteng,Mobile Money
